file,indicators,guids
asr_lua_0.bin.txt,,
asr_lua_1.bin.txt,,
asr_lua_10.bin.txt,,
asr_lua_11.bin.txt,,
asr_lua_12.bin.txt,,
asr_lua_13.bin.txt,,
asr_lua_14.bin.txt,,
asr_lua_15.bin.txt,((windowsapps\\\\[^\\\\]+\\\\)|(microsoft office\\\\(root\\\\)?))office..\\\\[^\\.]+\\.exe\\\,
asr_lua_16.bin.txt,((windowsapps\\\\[^\\\\]+\\\\)|(microsoft office\\\\(root\\\\)?))office..\\\\[^\\.]+\\.exe\\\,
asr_lua_17.bin.txt,bcdedit(\\.exe)?[\\s\\\;bootcfg(\\.exe)?[\\s\\\,
asr_lua_18.bin.txt,powershell(.exe)?\\\;vssadmin(\\.exe)?[\\s\\\;wmic(\\.exe)?[\\s\\\,
asr_lua_19.bin.txt,.:\\\\windows\\\\ccm\\\\sensorframework\\\\.+;.:\\\\windows\\\\ccm\\\\signedscripts\\\\.+;.:\\\\windows\\\\ccm\\\\systemtemp\\\\.+;.:\\\\windows\\\\ccmcache\\\\.+;\\\;\\s+(.:\\\\windows\\\\temp\\\\)?nessus_[^\\.\\s]+\\.txt[\\\;cmd[^\\s]*\\s+/c\\s+\\\;cmd\\.exe\\\;cmd\\\;msiexec\\.exe\\\;msiexec\\\,3216b490-71ee-4a94-b228-13b1c1582e3b
asr_lua_2.bin.txt,,
asr_lua_20.bin.txt,((windowsapps\\\\[^\\\\]+\\\\)|(microsoft office\\\\(root\\\\)?))office..\\\\(winword|excel|powerpnt|onenote)\\.exe\\\,
asr_lua_21.bin.txt,Block credential stealing from the Windows local security authority subsystem (lsass.exe);\\\\powershell\\.exe\\\;^\\\,
asr_lua_22.bin.txt,%userprofile%\\appdata\\local\\centbrowser\\application\\chrome.exe;%userprofile%\\appdata\\local\\google\\chrome;%userprofile%\\appdata\\local\\microsoft\\edge beta\\application\\*\\msedgewebview2.exe;%userprofile%\\appdata\\local\\microsoft\\edge beta\\application\\msedge.exe;%userprofile%\\appdata\\local\\microsoft\\edge dev\\application\\*\\msedgewebview2.exe;%userprofile%\\appdata\\local\\microsoft\\edge dev\\application\\msedge.exe;%userprofile%\\appdata\\local\\microsoft\\edge sxs\\application\\*\\msedgewebview2.exe;%userprofile%\\appdata\\local\\microsoft\\edge sxs\\application\\msedge.exe;%userprofile%\\appdata\\local\\microsoft\\edge\\application\\msedge.exe;%userprofile%\\appdata\\local\\microsoft\\edgewebview\\application\\*\\msedgewebview2.exe;%userprofile%\\appdata\\local\\microsoft\\onedrive;%userprofile%\\appdata\\local\\mozilla firefox\\*\\firefoxportable\\app\\firefox64\\firefox.exe;%userprofile%\\appdata\\local\\mozilla firefox\\firefox.exe;%userprofile%\\appdata\\local\\packages\\*\\localcache\\local\\google\\chrome\\application\\chrome.exe;%userprofile%\\appdata\\local\\packages\\*\\localcache\\local\\mozilla firefox\\firefox.exe;%userprofile%\\appdata\\locallow\\copitrak;%windir%\\system32\\fsiso.exe;%windir%\\systemapps\\*\\microsoftedgecp.exe;%windir%\\syswow64\\launchwinapp.exe;%windir%\\syswow64\\msiexec.exe;%windir%\\syswow64\\verclsid.exe;%windir%\\syswow64\\werfault.exe;%windir%\\syswow64\\wermgr.exe;%windir%\\syswow64\\xpsrchvw.exe;%windir%\\winsxs\\*\\iexplore.exe;%windir%\\winsxs\\*\\splwow64.exe;%windir%\\winsxs\\*\\werfault.exe;\\\,
asr_lua_23.bin.txt,%appdata%\\microsoft\\addins;%appdata%\\onetastic\\onecal.exe;%appdata%\\zoom\\bin\\zoom.exe;%localappdata%\\*\\APT - SO\\ProtocolHandler.exe;%localappdata%\\360chrome\\chrome\\application\\360chrome.exe;%localappdata%\\Kingsoft\\WPS Office\\*\\office6\\ksomisc.exe;%localappdata%\\Perplexity\\Comet;%localappdata%\\Slido\\Slido for Windows\\*\\CefSharp.BrowserSubprocess.exe;%localappdata%\\apps\\2.0;%localappdata%\\assembly\\tmp\\*\\viewsjpk.exe;%localappdata%\\centbrowser\\application\\chrome.exe;%localappdata%\\cflauncher\\bootcodeflow.exe;%localappdata%\\chromium\\application\\chrome.exe;%localappdata%\\epic privacy browser\\application\\epic.exe;%localappdata%\\firefox developer edition\\firefox.exe;%localappdata%\\google chrome\\*\\googlechromeportable\\app\\chrome-bin\\chrome.exe;%localappdata%\\google\\chrome beta\\application\\chrome.exe;%localappdata%\\google\\chrome dev\\application\\chrome.exe;%localappdata%\\google\\chrome sxs\\application\\chrome.exe;%localappdata%\\google\\chrome\\application\\chrome.exe;%localappdata%\\google\\drive plugin for office\\driveforoffice.synchelper.exe;%localappdata%\\gotomeeting\\*\\g2mstart.exe;%localappdata%\\gpg4win\\bin\\gpgme-w32spawn.exe;%localappdata%\\microsoft\\edge beta\\application\\*\\msedgewebview2.exe;%localappdata%\\microsoft\\edge beta\\application\\msedge.exe;%localappdata%\\microsoft\\edge dev\\application\\*\\msedgewebview2.exe;%localappdata%\\microsoft\\edge dev\\application\\msedge.exe;%localappdata%\\microsoft\\edge internal\\application\\*\\msedgewebview2.exe;%localappdata%\\microsoft\\edge internal\\application\\msedge.exe;%localappdata%\\microsoft\\edge sxs\\application\\*\\msedgewebview2.exe;%localappdata%\\microsoft\\edge sxs\\application\\msedge.exe;%localappdata%\\microsoft\\edge\\application\\msedge.exe;%localappdata%\\microsoft\\edgewebview\\application\\*\\msedgewebview2.exe;%localappdata%\\microsoft\\offcat\\offcat_rts.exe;%localappdata%\\microsoft\\onedrive;%localappdata%\\microsoft\\onedrive\\*\\filecoauth.exe;%localappdata%\\microsoft\\teams\\current\\teams.exe;%localappdata%\\mozilla firefox\\*\\firefoxportable\\app\\firefox64\\firefox.exe;%localappdata%\\mozilla firefox\\firefox.exe;%localappdata%\\mssolvehelper databroker;%localappdata%\\mssolvehelper databroker\\*\\mssolvehelper-databroker.exe;%localappdata%\\mssolvehelper databroker\\*\\verpatch.exe;%localappdata%\\outlooktodoistadx\\todoist.helper.exe;%localappdata%\\packages\\*\\localcache\\local\\cflauncher\\bootcodeflow.exe;%localappdata%\\packages\\*\\localcache\\local\\google\\chrome\\application\\chrome.exe;%localappdata%\\packages\\*\\localcache\\local\\mozilla firefox\\firefox.exe;%localappdata%\\packages\\*\\localcache\\local\\programs\\fiddler\\fiddler.exe;%localappdata%\\packages\\*\\localcache\\local\\programs\\opera\\launcher.exe;%localappdata%\\packages\\*\\localcache\\roaming\\oracle\\oracle sales cloud for outlook\\loader\\appdiag.exe;%localappdata%\\programs\\fiddler\\fiddler.exe;%localappdata%\\programs\\opera beta\\launcher.exe;%localappdata%\\programs\\opera developer\\launcher.exe;%localappdata%\\programs\\opera\\launcher.exe;%localappdata%\\sap\\sap jam for outlook\\bin\\appdiag.exe;%localappdata%\\seclore\\filesecure\\filesecure lite\\doclauncher.exe;%localappdata%\\seclore\\filesecure\\filesecure lite\\pdflauncher.exe;%localappdata%\\seclore\\filesecure\\filesecure lite\\pptlauncher.exe;%localappdata%\\seclore\\filesecure\\filesecure lite\\xlslauncher.exe;%localappdata%\\sogouexplorer\\sogouexplorer.exe;%localappdata%\\vivaldi\\application\\vivaldi.exe;%localappdata%\\vivaldidev\\application\\vivaldi.exe;%localappdata%\\yandex\\yandexbrowser\\application\\browser.exe;%localappdata%\\yesware\\yesware for outlook\\yeswareshadow\\yeswarechromium.exe;%localappdata%\\yesware\\yesware for outlook\\yeswareshadow\\yeswarechromiumx64.exe;%programW6432%\\Microsoft\\Edge Beta\\Application\\*\\msedgewebview2.exe;%programW6432%\\Microsoft\\Edge Beta\\Application\\msedge.exe;%programW6432%\\Microsoft\\Edge Dev\\Application\\*\\msedgewebview2.exe;%programW6432%\\Microsoft\\Edge Dev\\Application\\msedge.exe;%programW6432%\\Microsoft\\Edge Internal\\Application\\*\\msedgewebview2.exe;%programW6432%\\Microsoft\\Edge Internal\\Application\\msedge.exe;%programW6432%\\Microsoft\\EdgeWebView\\Application\\*\\msedgewebview2.exe;%programW6432%\\Microsoft\\Edge\\Application\\*\\msedgewebview2.exe;%programW6432%\\Microsoft\\Edge\\Application\\msedge.exe;%programW6432%\\Microsoft\\Teams\\current\\Teams.exe;%programdata%\\FastTrack Software\\Admin By Request\\ShellHelper64.dll;%programdata%\\app-v;%programdata%\\webex;%programfiles(x86)%\\*\\SNL.Clients.Office.Host.exe;%programfiles(x86)%\\Amebis Besana\\ALicObv.exe;%programfiles(x86)%\\Apttus\\X-Author Contracts\\eowp.exe;%programfiles(x86)%\\ArcGISMaps\\Office\\CefSharp.BrowserSubprocess.exe;%programfiles(x86)%\\Articulate\\360\\Studio;%programfiles(x86)%\\BraveSoftware\\Brave-Browser\\Application\\brave.exe;%programfiles(x86)%\\FactSet;%programfiles(x86)%\\Identity Finder 9\\IdentityFinderCmd.exe;%programfiles(x86)%\\Jedox;%programfiles(x86)%\\JetReports\\JetFrontServer.exe;%programfiles(x86)%\\Kofax\\Power PDF *\\bin;%programfiles(x86)%\\Litera\\Metadact\\Metadact for Outlook\\DmsIntegrations\\iwSessionCache.exe;%programfiles(x86)%\\MQTechnologies;%programfiles(x86)%\\MathType\\MathType.exe;%programfiles(x86)%\\Microsoft Dynamics NAV;%programfiles(x86)%\\Microsoft Office 15;%programfiles(x86)%\\Microsoft Office 2003;%programfiles(x86)%\\Microsoft Office 2010;%programfiles(x86)%\\Microsoft Office 2016;%programfiles(x86)%\\Microsoft Office2003;%programfiles(x86)%\\Microsoft Office2007;%programfiles(x86)%\\Microsoft Office\\2010;%programfiles(x86)%\\Microsoft Office\\Live Meeting 8;%programfiles(x86)%\\Microsoft Office\\Office;%programfiles(x86)%\\Microsoft Office\\Office10;%programfiles(x86)%\\Microsoft Office\\Office11;%programfiles(x86)%\\Microsoft Office\\Office12;%programfiles(x86)%\\Microsoft Office\\Office13;%programfiles(x86)%\\Microsoft Office\\Office14;%programfiles(x86)%\\Microsoft Office\\Office15;%programfiles(x86)%\\Microsoft Office\\Office16;%programfiles(x86)%\\Microsoft Office\\Updates;%programfiles(x86)%\\Microsoft Office\\VFS;%programfiles(x86)%\\Microsoft Office\\Visio;%programfiles(x86)%\\Microsoft Office\\Visio10;%programfiles(x86)%\\Microsoft Office\\Visio11;%programfiles(x86)%\\Microsoft Office\\Visio12;%programfiles(x86)%\\Microsoft Office\\Visio13;%programfiles(x86)%\\Microsoft Office\\root\\2010;%programfiles(x86)%\\Microsoft Office\\root\\Live Meeting 8;%programfiles(x86)%\\Microsoft Office\\root\\Office;%programfiles(x86)%\\Microsoft Office\\root\\Office10;%programfiles(x86)%\\Microsoft Office\\root\\Office11;%programfiles(x86)%\\Microsoft Office\\root\\Office12;%programfiles(x86)%\\Microsoft Office\\root\\Office13;%programfiles(x86)%\\Microsoft Office\\root\\Office14;%programfiles(x86)%\\Microsoft Office\\root\\Office15;%programfiles(x86)%\\Microsoft Office\\root\\Office16;%programfiles(x86)%\\Microsoft Office\\root\\Updates;%programfiles(x86)%\\Microsoft Office\\root\\VFS;%programfiles(x86)%\\Microsoft Office\\root\\Visio;%programfiles(x86)%\\Microsoft Office\\root\\Visio10;%programfiles(x86)%\\Microsoft Office\\root\\Visio11;%programfiles(x86)%\\Microsoft Office\\root\\Visio12;%programfiles(x86)%\\Microsoft Office\\root\\Visio13;%programfiles(x86)%\\Microsoft Office\\root\\client;%programfiles(x86)%\\Microsoft Office\\root\\vfs\\ProgramFilesCommonX??\\Microsoft Shared\\Office16\\AI\\ai.exe;%programfiles(x86)%\\Microsoft Office\\root\\vfs\\ProgramFilesCommonX??\\Microsoft Shared\\Office16\\AI\\aimgr.exe;%programfiles(x86)%\\Microsoft Office\\root\\vfs\\ProgramFilesCommonX??\\Microsoft Shared\\Office16\\ai.exe;%programfiles(x86)%\\Microsoft Office\\root\\vfs\\ProgramFilesCommonX??\\Microsoft Shared\\Office16\\aimgr.exe;%programfiles(x86)%\\Microsoft OneDrive\\*\\FileCoAuth.exe;%programfiles(x86)%\\Microsoft OneDrive\\OneDrive.exe;%programfiles(x86)%\\Microsoft Power BI Desktop;%programfiles(x86)%\\Microsoft Power Query for Excel;%programfiles(x86)%\\Microsoft Product Studio;%programfiles(x86)%\\Microsoft Rights Management sharing application;%programfiles(x86)%\\Microsoft SQL Server;%programfiles(x86)%\\Microsoft Silverlight;%programfiles(x86)%\\Microsoft VS Code;%programfiles(x86)%\\Microsoft Visual Studio;%programfiles(x86)%\\Microsoft Visual Studio 12.0;%programfiles(x86)%\\Microsoft Visual Studio 14.0;%programfiles(x86)%\\Microsoft\\Edge Beta\\Application\\*\\msedgewebview2.exe;%programfiles(x86)%\\Microsoft\\Edge Beta\\Application\\msedge.exe;%programfiles(x86)%\\Microsoft\\Edge Dev\\Application\\*\\msedgewebview2.exe;%programfiles(x86)%\\Microsoft\\Edge Dev\\Application\\msedge.exe;%programfiles(x86)%\\Microsoft\\Edge Internal\\Application\\*\\msedgewebview2.exe;%programfiles(x86)%\\Microsoft\\Edge Internal\\Application\\msedge.exe;%programfiles(x86)%\\Microsoft\\EdgeWebView\\Application\\*\\msedgewebview2.exe;%programfiles(x86)%\\Microsoft\\Edge\\Application;%programfiles(x86)%\\Microsoft\\Edge\\Application\\*\\msedgewebview2.exe;%programfiles(x86)%\\Microsoft\\Edge\\Application\\msedge.exe;%programfiles(x86)%\\Microsoft\\Teams\\current\\Teams.exe;%programfiles(x86)%\\Mimecast;%programfiles(x86)%\\Moody\'s Analytics\\Moody\'s Add-In for Excel\\MoodysBrowser.exe;%programfiles(x86)%\\Mozilla Firefox;%programfiles(x86)%\\NetDocuments;%programfiles(x86)%\\Nitro PDF;%programfiles(x86)%\\Notepad++;%programfiles(x86)%\\Nuance;%programfiles(x86)%\\Office Timeline\\Current;%programfiles(x86)%\\Open-EID;%programfiles(x86)%\\OpenText;%programfiles(x86)%\\Opera;%programfiles(x86)%\\Opera developer;%programfiles(x86)%\\Oracle;%programfiles(x86)%\\PDF Annotator;%programfiles(x86)%\\PDF Architect 5;%programfiles(x86)%\\PDF Editor\\PDFXEdit.exe;%programfiles(x86)%\\Palisade;%programfiles(x86)%\\Parallels;%programfiles(x86)%\\PeaZip;%programfiles(x86)%\\PhotoScape;%programfiles(x86)%\\Poll Everywhere\\PollEv Presenter;%programfiles(x86)%\\PowerArchiver;%programfiles(x86)%\\QuickTime;%programfiles(x86)%\\Refinitiv\\Refinitiv Workspace\\RefinitivWorkspace.exe;%programfiles(x86)%\\SAP;%programfiles(x86)%\\SMART Technologies\\SMART Product Drivers\\Office\\SMARTInk-SBSDKProxy.exe;%programfiles(x86)%\\SP Global Market Intelligence;%programfiles(x86)%\\Safer Technologies;%programfiles(x86)%\\Sage;%programfiles(x86)%\\SamsungPrinterLiveUpdateInstaller\\LUMgr.exe;%programfiles(x86)%\\Slido\\Slido for Windows\\x64\\CefSharp.BrowserSubprocess.exe;%programfiles(x86)%\\SogouInput;%programfiles(x86)%\\SumatraPDF;%programfiles(x86)%\\SuperOffice;%programfiles(x86)%\\Symantec.cloud;%programfiles(x86)%\\Tableau;%programfiles(x86)%\\TeamMate;%programfiles(x86)%\\TechSmith;%programfiles(x86)%\\Tencent;%programfiles(x86)%\\TextPad 7;%programfiles(x86)%\\TextPad 8;%programfiles(x86)%\\Thomson Reuters;%programfiles(x86)%\\TortoiseGit;%programfiles(x86)%\\TortoiseSVN;%programfiles(x86)%\\Tracker Software;%programfiles(x86)%\\VideoLAN;%programfiles(x86)%\\Vim;%programfiles(x86)%\\WebConferencing;%programfiles(x86)%\\WebEx;%programfiles(x86)%\\WinRAR;%programfiles(x86)%\\WinZip;%programfiles(x86)%\\Windows Media Player;%programfiles(x86)%\\WindowsApps\\Microsoft.Office.Desktop_*\\VFS\\ProgramFilesCommonX??\\Microsoft Shared\\OFFICE16\\AI\\ai.exe;%programfiles(x86)%\\WindowsApps\\Microsoft.Office.Desktop_*\\VFS\\ProgramFilesCommonX??\\Microsoft Shared\\OFFICE16\\AI\\aimgr.exe;%programfiles(x86)%\\WindowsApps\\Microsoft.Office.Desktop_*\\VFS\\ProgramFilesCommonX??\\Microsoft Shared\\OFFICE16\\ai.exe;%programfiles(x86)%\\WindowsApps\\Microsoft.Office.Desktop_*\\VFS\\ProgramFilesCommonX??\\Microsoft Shared\\OFFICE16\\aimgr.exe;%programfiles(x86)%\\WindowsApps\\Microsoft.WindowsNotepad_*\\Notepad\\Notepad.exe;%programfiles(x86)%\\Wondershare;%programfiles(x86)%\\XnView;%programfiles(x86)%\\dania software\\dynamictemplate for Office\\ApplicationFocus.exe;%programfiles(x86)%\\nitro;%programfiles(x86)%\\paint.net;%programfiles(x86)%\\pdf995;%programfiles(x86)%\\policypak;%programfiles(x86)%\\sublime text 3;%programfiles(x86)%\\think-cell;%programfiles(x86)%\\tikit;%programfiles(x86)%\\ucbrowser;%programfiles(x86)%\\vivaldi;%programfiles(x86)%\\windows mail;%programfiles(x86)%\\windows nt\\accessories\\wordpad.exe;%programfiles(x86)%\\workshare;%programfiles(x86)%\\zoom;%systemdrive%\\Screening_Tool\\SCREEN\\AERMODPRIME\\AQMAUScreenAermod.exe;%systemdrive%\\Screening_Tool\\SCREEN\\AERMODPRIME\\Bpipprm.exe;%systemdrive%\\apps\\notes\\notes.exe;%systemdrive%\\axpointaddin\\eowp.exe;%systemdrive%\\gendox\\teams\\common\\bin;%systemdrive%\\lotus\\notes\\notes.exe;%systemdrive%\\notes\\notes.exe;%userprofile%\\appdata\\local\\360chrome\\chrome\\application\\360chrome.exe;%userprofile%\\appdata\\local\\BraveSoftware\\Brave-Browser\\Application\\brave.exe;%userprofile%\\appdata\\local\\Perplexity\\Comet;%userprofile%\\appdata\\local\\Thomson Reuters\\Eikon\\Y\\Bin\\EikonBoxNet.exe;%userprofile%\\appdata\\local\\apps\\2.0;%userprofile%\\appdata\\local\\centbrowser\\application\\chrome.exe;%userprofile%\\appdata\\local\\cflauncher\\bootcodeflow.exe;%userprofile%\\appdata\\local\\chromium\\application\\chrome.exe;%userprofile%\\appdata\\local\\epic privacy browser\\application\\epic.exe;%userprofile%\\appdata\\local\\firefox developer edition\\firefox.exe;%userprofile%\\appdata\\local\\google chrome\\*\\googlechromeportable\\app\\chrome-bin\\chrome.exe;%userprofile%\\appdata\\local\\google\\chrome beta\\application\\chrome.exe;%userprofile%\\appdata\\local\\google\\chrome dev\\application\\chrome.exe;%userprofile%\\appdata\\local\\google\\chrome sxs\\application\\chrome.exe;%userprofile%\\appdata\\local\\google\\chrome\\application\\chrome.exe;%userprofile%\\appdata\\local\\google\\drive plugin for office\\driveforoffice.synchelper.exe;%userprofile%\\appdata\\local\\gotomeeting\\*\\g2mstart.exe;%userprofile%\\appdata\\local\\gpg4win\\bin\\gpgme-w32spawn.exe;%userprofile%\\appdata\\local\\microsoft\\edge beta\\application\\*\\msedgewebview2.exe;%userprofile%\\appdata\\local\\microsoft\\edge beta\\application\\msedge.exe;%userprofile%\\appdata\\local\\microsoft\\edge dev\\application\\*\\msedgewebview2.exe;%userprofile%\\appdata\\local\\microsoft\\edge dev\\application\\msedge.exe;%userprofile%\\appdata\\local\\microsoft\\edge internal\\application\\*\\msedgewebview2.exe;%userprofile%\\appdata\\local\\microsoft\\edge internal\\application\\msedge.exe;%userprofile%\\appdata\\local\\microsoft\\edge sxs\\application\\*\\msedgewebview2.exe;%userprofile%\\appdata\\local\\microsoft\\edge sxs\\application\\msedge.exe;%userprofile%\\appdata\\local\\microsoft\\edge\\application\\msedge.exe;%userprofile%\\appdata\\local\\microsoft\\edgewebview\\application\\*\\msedgewebview2.exe;%userprofile%\\appdata\\local\\microsoft\\offcat\\offcat_rts.exe;%userprofile%\\appdata\\local\\microsoft\\onedrive;%userprofile%\\appdata\\local\\microsoft\\onedrive\\*\\filecoauth.exe;%userprofile%\\appdata\\local\\microsoft\\teams\\current\\teams.exe;%userprofile%\\appdata\\local\\mozilla firefox\\*\\firefoxportable\\app\\firefox64\\firefox.exe;%userprofile%\\appdata\\local\\mozilla firefox\\firefox.exe;%userprofile%\\appdata\\local\\mssolvehelper databroker;%userprofile%\\appdata\\local\\mssolvehelper databroker\\*\\mssolvehelper-databroker.exe;%userprofile%\\appdata\\local\\mssolvehelper databroker\\*\\verpatch.exe;%userprofile%\\appdata\\local\\outlooktodoistadx\\todoist.helper.exe;%userprofile%\\appdata\\local\\packages\\*\\localcache\\local\\cflauncher\\bootcodeflow.exe;%userprofile%\\appdata\\local\\packages\\*\\localcache\\local\\google\\chrome\\application\\chrome.exe;%userprofile%\\appdata\\local\\packages\\*\\localcache\\local\\mozilla firefox\\firefox.exe;%userprofile%\\appdata\\local\\packages\\*\\localcache\\local\\programs\\fiddler\\fiddler.exe;%userprofile%\\appdata\\local\\packages\\*\\localcache\\local\\programs\\opera\\launcher.exe;%userprofile%\\appdata\\local\\packages\\*\\localcache\\roaming\\oracle\\oracle sales cloud for outlook\\loader\\appdiag.exe;%userprofile%\\appdata\\local\\programs\\fiddler\\fiddler.exe;%userprofile%\\appdata\\local\\programs\\opera beta\\launcher.exe;%userprofile%\\appdata\\local\\programs\\opera developer\\launcher.exe;%userprofile%\\appdata\\local\\programs\\opera\\launcher.exe;%userprofile%\\appdata\\local\\sap\\sap jam for outlook\\bin\\appdiag.exe;%userprofile%\\appdata\\local\\seclore\\filesecure\\filesecure lite\\doclauncher.exe;%userprofile%\\appdata\\local\\seclore\\filesecure\\filesecure lite\\pdflauncher.exe;%userprofile%\\appdata\\local\\seclore\\filesecure\\filesecure lite\\pptlauncher.exe;%userprofile%\\appdata\\local\\seclore\\filesecure\\filesecure lite\\xlslauncher.exe;%userprofile%\\appdata\\local\\sogouexplorer\\sogouexplorer.exe;%userprofile%\\appdata\\local\\vivaldi\\application\\vivaldi.exe;%userprofile%\\appdata\\local\\vivaldidev\\application\\vivaldi.exe;%userprofile%\\appdata\\local\\yandex\\yandexbrowser\\application\\browser.exe;%userprofile%\\appdata\\local\\yesware\\yesware for outlook\\yeswareshadow\\yeswarechromium.exe;%userprofile%\\appdata\\local\\yesware\\yesware for outlook\\yeswareshadow\\yeswarechromiumx64.exe;%userprofile%\\appdata\\locallow\\copitrak\\tstpfltk.exe;%userprofile%\\appdata\\roaming\\360se6\\application\\360se.exe;%userprofile%\\appdata\\roaming\\icrm\\desktop connection for sap crm\\bin\\appdiag.exe;%userprofile%\\appdata\\roaming\\infoslipsforme\\infoslips.viewer.exe;%userprofile%\\appdata\\roaming\\microsoft\\addins;%userprofile%\\appdata\\roaming\\onetastic\\onecal.exe;%userprofile%\\appdata\\roaming\\oracle\\crm ondemand desktop\\bin\\appdiag.exe;%userprofile%\\appdata\\roaming\\oracle\\oracle sales cloud for outlook\\bin\\appdiag.exe;%userprofile%\\appdata\\roaming\\vision\\updater.exe;%userprofile%\\appdata\\roaming\\watchdox\\windows plugin\\pdflauncher.exe;%userprofile%\\appdata\\roaming\\webex\\applications\\ptupdate.exe;%userprofile%\\appdata\\roaming\\zoom\\bin\\zoom.exe;%userprofile%\\appdata\\roaming\\zoom\\bin_00\\zoom.exe;%windir%\\hh.exe;%windir%\\microsoft.net\\framework;%windir%\\microsoft.net\\framework64;%windir%\\notepad.exe;%windir%\\splwow64.exe;%windir%\\system32\\bdeunlock.exe;%windir%\\system32\\bucappnt.exe;%windir%\\system32\\bumappnt.exe;%windir%\\system32\\bupappnt.exe;%windir%\\system32\\cmtrace.exe;%windir%\\system32\\ctfmon.exe;%windir%\\system32\\dwwin.exe;%windir%\\system32\\eventvwr.exe;%windir%\\system32\\fondue.exe;%windir%\\system32\\fontview.exe;%windir%\\system32\\fsiso.exe;%windir%\\system32\\igfxem.exe;%windir%\\system32\\igfxhk.exe;%windir%\\system32\\igfxtray.exe;%windir%\\system32\\ime;%windir%\\system32\\microsoft.uev.synccontroller.exe;%windir%\\system32\\msiexec.exe;%windir%\\system32\\mspaint.exe;%windir%\\system32\\notepad.exe;%windir%\\system32\\prevhost.exe;%windir%\\system32\\rmactivate.exe;%windir%\\system32\\runtimebroker.exe;%windir%\\system32\\spool\\drivers;%windir%\\system32\\taskmgr.exe;%windir%\\system32\\tokenbrokercookies.exe;%windir%\\system32\\verclsid.exe;%windir%\\system32\\werfault.exe;%windir%\\system32\\wermgr.exe;%windir%\\system32\\wevtutil.exe;%windir%\\system32\\wfs.exe;%windir%\\system32\\wisptis.exe;%windir%\\system32\\xpsrchvw.exe;%windir%\\systemapps\\*\\microsoftedgecp.exe;%windir%\\syswow64\\colorcpl.exe;%windir%\\syswow64\\ctfmon.exe;%windir%\\syswow64\\dwwin.exe;%windir%\\syswow64\\eventvwr.exe;%windir%\\syswow64\\fondue.exe;%windir%\\syswow64\\fontview.exe;%windir%\\syswow64\\ime;%windir%\\syswow64\\macromed\\flash\\flashplayerupdateservice.exe;%windir%\\syswow64\\msiexec.exe;%windir%\\syswow64\\mspaint.exe;%windir%\\syswow64\\notepad.exe;%windir%\\syswow64\\prevhost.exe;%windir%\\syswow64\\rmactivate.exe;%windir%\\syswow64\\spool\\drivers;%windir%\\syswow64\\taskmgr.exe;%windir%\\syswow64\\verclsid.exe;%windir%\\syswow64\\werfault.exe;%windir%\\syswow64\\wermgr.exe;%windir%\\syswow64\\xpsrchvw.exe;%windir%\\winsxs\\*\\splwow64.exe;((windowsapps\\\\[^\\\\]+\\\\)|(microsoft office\\\\(root\\\\)?))office..\\\\[^\\.]+\\.exe\\\;.:\\\\apps\\\\tc\\\\tc12\\\\tccs\\\\starttccs\\.bat;.:\\\\program files( \\(x86\\))?\\\\windowsapps\\\\(?!microsoft\\.windowsterminal).*;\\\;\\\\\\\\alts0206\\\\azdb\\$\\\\start_clientcheck_install\\.bat\\\;c:\\users\\*\\appdata\\local\\microsoft\\teams\\current\\teams.exe;cmd(\\.exe)?\\\;conhost\\.exe\\\;explorer\\.exe\\\;rundll32(\\.exe)?[\\\;wscript(\\.exe)?\\\,23356722-c906-4042-943d-cf158e848200;2d7e690e-b8ca-484d-bb19-f3f4d460bebb;3eef301f-b596-4c0b-bd92-013beafce793;5b6f47cc-82e3-4a14-a807-2356e5874779;70823b4b-bb48-4d30-adf4-be67a41e2f65;b96c46d4-a2bf-4e3d-954f-f082b14fe155;d7c7c745-195f-4223-9c7a-99fb420fd000
asr_lua_24.bin.txt,%appdata%\\onetastic\\onecal.exe;%appdata%\\zoom\\bin\\zoom.exe;%commonprogramfiles%\\Autodesk Shared\\DWF Common\\ExpressViewer.exe;%commonprogramfiles(x86)%\\Autodesk Shared\\DWF Common\\ExpressViewer.exe;%localappdata%\\360chrome\\chrome\\application\\360chrome.exe;%localappdata%\\Perplexity\\Comet;%localappdata%\\apps\\2.0\\*\\*\\*\\AEtherClientX.exe;%localappdata%\\apps\\2.0\\*\\*\\*\\BRP.exe;%localappdata%\\apps\\2.0\\*\\*\\*\\BabtecCAQ.exe;%localappdata%\\apps\\2.0\\*\\*\\*\\BrowserProcessHelper.exe;%localappdata%\\apps\\2.0\\*\\*\\*\\BrowserProcessHelper64.exe;%localappdata%\\apps\\2.0\\*\\*\\*\\BrowserSubProcess.exe;%localappdata%\\apps\\2.0\\*\\*\\*\\CDLauncher.exe;%localappdata%\\apps\\2.0\\*\\*\\*\\CRM.Terminal.exe;%localappdata%\\apps\\2.0\\*\\*\\*\\CaseBuddy64.exe;%localappdata%\\apps\\2.0\\*\\*\\*\\DealCloud.AddIn.WebBrowserHost.exe;%localappdata%\\apps\\2.0\\*\\*\\*\\Epic.Excavator.exe;%localappdata%\\apps\\2.0\\*\\*\\*\\Hyland.Canvas.FinancialCloseManagement.Client.exe;%localappdata%\\apps\\2.0\\*\\*\\*\\LocalCloudLauncher.exe;%localappdata%\\apps\\2.0\\*\\*\\*\\MSSolveHelper-DataBroker.exe;%localappdata%\\apps\\2.0\\*\\*\\*\\Matrix.Toolbox.TrayApp.exe;%localappdata%\\apps\\2.0\\*\\*\\*\\OTPortal.exe;%localappdata%\\apps\\2.0\\*\\*\\*\\OfflineClient.WebHost.exe;%localappdata%\\apps\\2.0\\*\\*\\*\\PartnerProposition.exe;%localappdata%\\apps\\2.0\\*\\*\\*\\Q-Pulse.exe;%localappdata%\\apps\\2.0\\*\\*\\*\\SS_CRM.exe;%localappdata%\\apps\\2.0\\*\\*\\*\\SecMsg.QueueMonitor.exe;%localappdata%\\apps\\2.0\\*\\*\\*\\TELSheetChecker.exe;%localappdata%\\apps\\2.0\\*\\*\\*\\msoffice-crypt.exe;%localappdata%\\apps\\2.0\\*\\*\\*\\obunity.exe;%localappdata%\\apps\\2.0\\*\\*\\*\\qDocsViewer.exe;%localappdata%\\apps\\2.0\\*\\*\\*\\sme-browser.exe;%localappdata%\\apps\\2.0\\*\\*\\*\\swExplorerLauncher.exe;%localappdata%\\centbrowser\\application\\chrome.exe;%localappdata%\\cflauncher\\bootcodeflow.exe;%localappdata%\\chromium\\application\\chrome.exe;%localappdata%\\epic privacy browser\\application\\epic.exe;%localappdata%\\firefox developer edition\\firefox.exe;%localappdata%\\google chrome\\*\\googlechromeportable\\app\\chrome-bin\\chrome.exe;%localappdata%\\google\\chrome beta\\application\\chrome.exe;%localappdata%\\google\\chrome dev\\application\\chrome.exe;%localappdata%\\google\\chrome sxs\\application\\chrome.exe;%localappdata%\\google\\chrome\\application\\chrome.exe;%localappdata%\\google\\drive plugin for office\\driveforoffice.synchelper.exe;%localappdata%\\gotomeeting\\*\\g2mstart.exe;%localappdata%\\gpg4win\\bin\\gpgme-w32spawn.exe;%localappdata%\\microsoft\\edge beta\\application\\*\\msedgewebview2.exe;%localappdata%\\microsoft\\edge beta\\application\\msedge.exe;%localappdata%\\microsoft\\edge dev\\application\\*\\msedgewebview2.exe;%localappdata%\\microsoft\\edge dev\\application\\msedge.exe;%localappdata%\\microsoft\\edge internal\\application\\*\\msedgewebview2.exe;%localappdata%\\microsoft\\edge sxs\\application\\*\\msedgewebview2.exe;%localappdata%\\microsoft\\edge sxs\\application\\msedge.exe;%localappdata%\\microsoft\\edge\\application\\msedge.exe;%localappdata%\\microsoft\\edgewebview\\application\\*\\msedgewebview2.exe;%localappdata%\\microsoft\\offcat\\offcat_rts.exe;%localappdata%\\microsoft\\olk\\cache\\microsoftedgewebview2setup.exe;%localappdata%\\microsoft\\onedrive\\*\\filecoauth.exe;%localappdata%\\microsoft\\onedrive\\onedrive.exe;%localappdata%\\microsoft\\teams\\current\\teams.exe;%localappdata%\\mozilla firefox\\*\\firefoxportable\\app\\firefox64\\firefox.exe;%localappdata%\\mozilla firefox\\firefox.exe;%localappdata%\\mssolvehelper databroker\\*\\mssolvehelper-databroker.exe;%localappdata%\\mssolvehelper databroker\\*\\verpatch.exe;%localappdata%\\outlooktodoistadx\\todoist.helper.exe;%localappdata%\\packages\\*\\localcache\\local\\cflauncher\\bootcodeflow.exe;%localappdata%\\packages\\*\\localcache\\local\\google\\chrome\\application\\chrome.exe;%localappdata%\\packages\\*\\localcache\\local\\mozilla firefox\\firefox.exe;%localappdata%\\packages\\*\\localcache\\local\\programs\\fiddler\\fiddler.exe;%localappdata%\\packages\\*\\localcache\\local\\programs\\opera\\launcher.exe;%localappdata%\\packages\\*\\localcache\\roaming\\oracle\\oracle sales cloud for outlook\\loader\\appdiag.exe;%localappdata%\\programs\\fiddler\\fiddler.exe;%localappdata%\\programs\\opera beta\\launcher.exe;%localappdata%\\programs\\opera developer\\launcher.exe;%localappdata%\\programs\\opera\\launcher.exe;%localappdata%\\sap\\sap jam for outlook\\bin\\appdiag.exe;%localappdata%\\seclore\\filesecure\\filesecure lite\\doclauncher.exe;%localappdata%\\seclore\\filesecure\\filesecure lite\\pdflauncher.exe;%localappdata%\\seclore\\filesecure\\filesecure lite\\pptlauncher.exe;%localappdata%\\seclore\\filesecure\\filesecure lite\\xlslauncher.exe;%localappdata%\\sogouexplorer\\sogouexplorer.exe;%localappdata%\\vivaldi\\application\\vivaldi.exe;%localappdata%\\vivaldidev\\application\\vivaldi.exe;%localappdata%\\yandex\\yandexbrowser\\application\\browser.exe;%localappdata%\\yesware\\yesware for outlook\\yeswareshadow\\yeswarechromium.exe;%localappdata%\\yesware\\yesware for outlook\\yeswareshadow\\yeswarechromiumx64.exe;%programW6432%\\Microsoft\\Edge Beta\\Application\\*\\msedgewebview2.exe;%programW6432%\\Microsoft\\Edge Beta\\Application\\msedge.exe;%programW6432%\\Microsoft\\Edge Dev\\Application\\*\\msedgewebview2.exe;%programW6432%\\Microsoft\\Edge Dev\\Application\\msedge.exe;%programW6432%\\Microsoft\\EdgeWebView\\Application\\*\\msedgewebview2.exe;%programW6432%\\Microsoft\\Edge\\Application\\*\\msedgewebview2.exe;%programW6432%\\Microsoft\\Edge\\Application\\msedge.exe;%programW6432%\\Microsoft\\Teams\\current\\Teams.exe;%programdata%\\*\\microsoft\\teams\\current\\teams.exe;%programdata%\\FastTrack Software\\Admin By Request;%programdata%\\WebEx\\WebEx\\Applications\\ptSrv.exe;%programdata%\\WebEx\\WebEx\\Applications\\ptUpdate.exe;%programdata%\\WebEx\\WebEx\\Applications\\ptWbxONI.exe;%programdata%\\app-v;%programfiles%\\BrowseRouter\\BrowseRouter.exe;%programfiles%\\Kofax\\Power PDF-??\\bin\\PowerPDF.exe;%programfiles(x86)%\\Axonic\\Lookeen\\LookeenFileParser.exe;%programfiles(x86)%\\BTCloudPhoneForOutlook\\BTCloudPhoneForOutlook.BrowserSubProcess-x??.exe;%programfiles(x86)%\\Bloomberg\\Blp\\DAPI\\bbcomm.exe;%programfiles(x86)%\\BraveSoftware\\Brave-Browser\\Application\\brave.exe;%programfiles(x86)%\\CaseWare\\cwin64.exe;%programfiles(x86)%\\Cisco Systems\\Cisco Jabber\\CiscoJabber.exe;%programfiles(x86)%\\Common Files\\C4B\\UCSingleSignOn\\UCSingleSignOn.exe;%programfiles(x86)%\\DotOffice\\Corporate Identity\\doAddinMonitor.exe;%programfiles(x86)%\\Druide\\Connectix 10\\Application\\Bin64\\AgentConnectix.exe;%programfiles(x86)%\\EMC SourceOne\\Offline Access\\ExOAAgent.exe;%programfiles(x86)%\\Egress\\Switch\\trayexec.exe;%programfiles(x86)%\\FactSet\\FDS*.exe;%programfiles(x86)%\\FactSet\\FDSBrowser.exe;%programfiles(x86)%\\FactSet\\FDSBrowser_x64.exe;%programfiles(x86)%\\First American\\DocsToFAST\\DocsToFAST.exe;%programfiles(x86)%\\GnuPG VS-Desktop\\bin\\gpgme-w32spawn.exe;%programfiles(x86)%\\Hewlett-Packard\\HP Records Manager\\kvoop.exe;%programfiles(x86)%\\Hyland\\Office Integration;%programfiles(x86)%\\Hyland\\Office Integration\\Office 2019\\x64\\RenderProcess.exe;%programfiles(x86)%\\Iken;%programfiles(x86)%\\Ivanti\\Workspace Control\\pwrgate.exe;%programfiles(x86)%\\KnowBe4\\Second Chance\\scuserdialog.exe;%programfiles(x86)%\\Kofax\\Power PDF *\\bin;%programfiles(x86)%\\Kofax\\Power PDF-??\\bin\\PowerPDF.exe;%programfiles(x86)%\\Lindenhouse Software Ltd;%programfiles(x86)%\\LiquidFiles Windows Agent\\LiquidFilesWindowsAgent.exe;%programfiles(x86)%\\MQTechnologies;%programfiles(x86)%\\Metaswitch;%programfiles(x86)%\\Microsoft Access2007;%programfiles(x86)%\\Microsoft Azure Information Protection;%programfiles(x86)%\\Microsoft Dynamics CRM 2013 Client;%programfiles(x86)%\\Microsoft Dynamics NAV;%programfiles(x86)%\\Microsoft Office 15;%programfiles(x86)%\\Microsoft Office 2003;%programfiles(x86)%\\Microsoft Office 2010;%programfiles(x86)%\\Microsoft Office 2016;%programfiles(x86)%\\Microsoft Office2003;%programfiles(x86)%\\Microsoft Office2007;%programfiles(x86)%\\Microsoft Office\\2010;%programfiles(x86)%\\Microsoft Office\\Live Meeting 8;%programfiles(x86)%\\Microsoft Office\\Office;%programfiles(x86)%\\Microsoft Office\\Office10;%programfiles(x86)%\\Microsoft Office\\Office11;%programfiles(x86)%\\Microsoft Office\\Office12;%programfiles(x86)%\\Microsoft Office\\Office13;%programfiles(x86)%\\Microsoft Office\\Office14;%programfiles(x86)%\\Microsoft Office\\Office15;%programfiles(x86)%\\Microsoft Office\\Office16;%programfiles(x86)%\\Microsoft Office\\Updates;%programfiles(x86)%\\Microsoft Office\\VFS;%programfiles(x86)%\\Microsoft Office\\Visio;%programfiles(x86)%\\Microsoft Office\\Visio10;%programfiles(x86)%\\Microsoft Office\\Visio11;%programfiles(x86)%\\Microsoft Office\\Visio12;%programfiles(x86)%\\Microsoft Office\\Visio13;%programfiles(x86)%\\Microsoft Office\\root\\2010;%programfiles(x86)%\\Microsoft Office\\root\\Live Meeting 8;%programfiles(x86)%\\Microsoft Office\\root\\Office;%programfiles(x86)%\\Microsoft Office\\root\\Office10;%programfiles(x86)%\\Microsoft Office\\root\\Office11;%programfiles(x86)%\\Microsoft Office\\root\\Office12;%programfiles(x86)%\\Microsoft Office\\root\\Office13;%programfiles(x86)%\\Microsoft Office\\root\\Office14;%programfiles(x86)%\\Microsoft Office\\root\\Office15;%programfiles(x86)%\\Microsoft Office\\root\\Office16;%programfiles(x86)%\\Microsoft Office\\root\\Updates;%programfiles(x86)%\\Microsoft Office\\root\\VFS;%programfiles(x86)%\\Microsoft Office\\root\\Visio;%programfiles(x86)%\\Microsoft Office\\root\\Visio10;%programfiles(x86)%\\Microsoft Office\\root\\Visio11;%programfiles(x86)%\\Microsoft Office\\root\\Visio12;%programfiles(x86)%\\Microsoft Office\\root\\Visio13;%programfiles(x86)%\\Microsoft Office\\root\\client\\AppVDllSurrogate.exe;%programfiles(x86)%\\Microsoft Office\\root\\client\\AppVDllSurrogate32.exe;%programfiles(x86)%\\Microsoft Office\\root\\client\\AppVDllSurrogate64.exe;%programfiles(x86)%\\Microsoft Office\\root\\vfs\\ProgramFilesCommonX??\\Microsoft Shared\\Office16\\AI\\ai.exe;%programfiles(x86)%\\Microsoft Office\\root\\vfs\\ProgramFilesCommonX??\\Microsoft Shared\\Office16\\AI\\aimgr.exe;%programfiles(x86)%\\Microsoft Office\\root\\vfs\\ProgramFilesCommonX??\\Microsoft Shared\\Office16\\ai.exe;%programfiles(x86)%\\Microsoft Office\\root\\vfs\\ProgramFilesCommonX??\\Microsoft Shared\\Office16\\aimgr.exe;%programfiles(x86)%\\Microsoft Power BI Desktop;%programfiles(x86)%\\Microsoft Power Query for Excel;%programfiles(x86)%\\Microsoft Product Studio;%programfiles(x86)%\\Microsoft Rights Management sharing application;%programfiles(x86)%\\Microsoft SQL Server;%programfiles(x86)%\\Microsoft Silverlight;%programfiles(x86)%\\Microsoft VS Code;%programfiles(x86)%\\Microsoft Visual Studio;%programfiles(x86)%\\Microsoft Visual Studio 12.0;%programfiles(x86)%\\Microsoft Visual Studio 14.0;%programfiles(x86)%\\Microsoft\\Edge Beta\\Application\\*\\msedgewebview2.exe;%programfiles(x86)%\\Microsoft\\Edge Beta\\Application\\msedge.exe;%programfiles(x86)%\\Microsoft\\Edge Dev\\Application\\*\\msedgewebview2.exe;%programfiles(x86)%\\Microsoft\\Edge Dev\\Application\\msedge.exe;%programfiles(x86)%\\Microsoft\\EdgeWebView\\Application\\*\\msedgewebview2.exe;%programfiles(x86)%\\Microsoft\\Edge\\Application\\*\\msedgewebview2.exe;%programfiles(x86)%\\Microsoft\\Edge\\Application\\msedge.exe;%programfiles(x86)%\\Microsoft\\Teams\\current\\Teams.exe;%programfiles(x86)%\\Mimecast;%programfiles(x86)%\\Mozilla Firefox;%programfiles(x86)%\\NetDocuments;%programfiles(x86)%\\Nitro PDF;%programfiles(x86)%\\Notepad++;%programfiles(x86)%\\Nuance;%programfiles(x86)%\\Open Text\\DM Extensions\\EMail Integration\\*\\pwdsinst.exe;%programfiles(x86)%\\Open-EID;%programfiles(x86)%\\OpenText;%programfiles(x86)%\\Opera;%programfiles(x86)%\\Opera developer;%programfiles(x86)%\\Oracle;%programfiles(x86)%\\PDF Annotator;%programfiles(x86)%\\PDF Architect 5;%programfiles(x86)%\\PDF Architect 9;%programfiles(x86)%\\PDF24\\pdf24-Reader.exe;%programfiles(x86)%\\Parallels;%programfiles(x86)%\\PeaZip;%programfiles(x86)%\\PhotoScape;%programfiles(x86)%\\PowerArchiver;%programfiles(x86)%\\QuickTime;%programfiles(x86)%\\RingCentralForOutlook\\RingCentralForOutlook.BrowserSubProcess-x??.exe;%programfiles(x86)%\\SAP;%programfiles(x86)%\\Safer Technologies;%programfiles(x86)%\\Sage;%programfiles(x86)%\\ShareFile\\ShareFile for Outlook\\CFSendTo.exe;%programfiles(x86)%\\SogouInput;%programfiles(x86)%\\SogouWBInput\\*\\ImeUtil.exe;%programfiles(x86)%\\Staffbase\\StaffbaseEmailClassic\\WebBrowser\\DNBrowserProcess.exe;%programfiles(x86)%\\SumatraPDF;%programfiles(x86)%\\SuperOffice;%programfiles(x86)%\\Symantec.cloud;%programfiles(x86)%\\TELUSBusinessConnectForOutlook\\TELUSBusinessConnectForOutlook.BrowserSubProcess-x??.exe;%programfiles(x86)%\\Tableau;%programfiles(x86)%\\TeamMate;%programfiles(x86)%\\Teams\\current\\Teams.exe;%programfiles(x86)%\\TechSmith;%programfiles(x86)%\\Tencent;%programfiles(x86)%\\TextPad 7;%programfiles(x86)%\\TextPad 8;%programfiles(x86)%\\Thomson Reuters;%programfiles(x86)%\\TortoiseGit;%programfiles(x86)%\\TortoiseSVN;%programfiles(x86)%\\Tracker Software;%programfiles(x86)%\\Unify\\Fusion for MS Office\\FusionClient;%programfiles(x86)%\\Unify\\Fusion for MS Office\\FusionClient\\Client\\Unify.OpenScape.exe;%programfiles(x86)%\\VideoLAN;%programfiles(x86)%\\Vim;%programfiles(x86)%\\WISE Alert;%programfiles(x86)%\\WebConferencing;%programfiles(x86)%\\WebEx;%programfiles(x86)%\\WinRAR;%programfiles(x86)%\\WinZip;%programfiles(x86)%\\Windows Media Player;%programfiles(x86)%\\WindowsApps\\Microsoft.Office.Desktop_*\\VFS\\ProgramFilesCommonX??\\Microsoft Shared\\OFFICE16\\AI\\ai.exe;%programfiles(x86)%\\WindowsApps\\Microsoft.Office.Desktop_*\\VFS\\ProgramFilesCommonX??\\Microsoft Shared\\OFFICE16\\AI\\aimgr.exe;%programfiles(x86)%\\WindowsApps\\Microsoft.Office.Desktop_*\\VFS\\ProgramFilesCommonX??\\Microsoft Shared\\OFFICE16\\ai.exe;%programfiles(x86)%\\WindowsApps\\Microsoft.Office.Desktop_*\\VFS\\ProgramFilesCommonX??\\Microsoft Shared\\OFFICE16\\aimgr.exe;%programfiles(x86)%\\WindowsApps\\Microsoft.WindowsNotepad_*\\Notepad\\Notepad.exe;%programfiles(x86)%\\Wondershare;%programfiles(x86)%\\XnView;%programfiles(x86)%\\blp\\DAPI\\bbcomm.exe;%programfiles(x86)%\\gnupg\\bin\\gpg.exe;%programfiles(x86)%\\harmon.ie\\harmon.ie for SharePoint\\bin\\harmon.ie.BrowserHost.exe;%programfiles(x86)%\\iGrafx\\Pro\\*\\flow.exe;%programfiles(x86)%\\iManage\\Work;%programfiles(x86)%\\lotus;%programfiles(x86)%\\microsoft dynamics crm;%programfiles(x86)%\\nitro;%programfiles(x86)%\\paint.net;%programfiles(x86)%\\pdf995;%programfiles(x86)%\\policypak;%programfiles(x86)%\\sublime text 3;%programfiles(x86)%\\tikit;%programfiles(x86)%\\ucbrowser;%programfiles(x86)%\\vivaldi;%programfiles(x86)%\\windows mail;%programfiles(x86)%\\windows nt\\accessories\\wordpad.exe;%programfiles(x86)%\\workshare;%programfiles(x86)%\\zoom;%systemdrive%\\MyDocs-local\\*\\Case Ninja\\DiagCaseLookup\\bin\\Release\\MSSolveHelper-DataBroker.exe;%systemdrive%\\MyDocs\\Case Ninja\\DiagCaseLookup\\bin\\Debug\\MSSolveHelper-DataBroker.exe;%systemdrive%\\apps\\notes\\notes.exe;%systemdrive%\\axpointaddin\\eowp.exe;%systemdrive%\\blp\\DAPI\\bbcomm.exe;%systemdrive%\\gendox\\teams\\common\\bin;%systemdrive%\\lotus\\notes\\notes.exe;%systemdrive%\\notes\\notes.exe;%systemdrive%\\users\\*\\appdata\\local\\microsoft\\teams\\current\\teams.exe;%userprofile%\\AppData\\Local\\Kingsoft\\WPS Office\\*\\office??\\promecefpluginhost.exe;%userprofile%\\Source\\Repos\\MSSolveHelper\\DiagCaseLookup\\bin\\Debug\\MSSolveHelper-DataBroker.exe;%userprofile%\\appdata\\local\\360chrome\\chrome\\application\\360chrome.exe;%userprofile%\\appdata\\local\\Apps\\*\\*\\*\\Chromium\\CefSharp.BrowserSubprocess.exe;%userprofile%\\appdata\\local\\Perplexity\\Comet;%userprofile%\\appdata\\local\\Wolters Kluwer ELM Solutions\\Office Companion\\Application\\PassportOffice.BrowserSubprocess.exe;%userprofile%\\appdata\\local\\apps\\2.0\\*\\*\\*\\AEtherClientX.exe;%userprofile%\\appdata\\local\\apps\\2.0\\*\\*\\*\\BRP.exe;%userprofile%\\appdata\\local\\apps\\2.0\\*\\*\\*\\BabtecCAQ.exe;%userprofile%\\appdata\\local\\apps\\2.0\\*\\*\\*\\BrowserProcessHelper.exe;%userprofile%\\appdata\\local\\apps\\2.0\\*\\*\\*\\BrowserProcessHelper64.exe;%userprofile%\\appdata\\local\\apps\\2.0\\*\\*\\*\\BrowserSubProcess.exe;%userprofile%\\appdata\\local\\apps\\2.0\\*\\*\\*\\CDLauncher.exe;%userprofile%\\appdata\\local\\apps\\2.0\\*\\*\\*\\CRM.Terminal.exe;%userprofile%\\appdata\\local\\apps\\2.0\\*\\*\\*\\CaseBuddy64.exe;%userprofile%\\appdata\\local\\apps\\2.0\\*\\*\\*\\DealCloud.AddIn.WebBrowserHost.exe;%userprofile%\\appdata\\local\\apps\\2.0\\*\\*\\*\\Epic.Excavator.exe;%userprofile%\\appdata\\local\\apps\\2.0\\*\\*\\*\\Hyland.Canvas.FinancialCloseManagement.Client.exe;%userprofile%\\appdata\\local\\apps\\2.0\\*\\*\\*\\LocalCloudLauncher.exe;%userprofile%\\appdata\\local\\apps\\2.0\\*\\*\\*\\MSSolveHelper-DataBroker.exe;%userprofile%\\appdata\\local\\apps\\2.0\\*\\*\\*\\Matrix.Toolbox.TrayApp.exe;%userprofile%\\appdata\\local\\apps\\2.0\\*\\*\\*\\OTPortal.exe;%userprofile%\\appdata\\local\\apps\\2.0\\*\\*\\*\\OfflineClient.WebHost.exe;%userprofile%\\appdata\\local\\apps\\2.0\\*\\*\\*\\PartnerProposition.exe;%userprofile%\\appdata\\local\\apps\\2.0\\*\\*\\*\\Q-Pulse.exe;%userprofile%\\appdata\\local\\apps\\2.0\\*\\*\\*\\SS_CRM.exe;%userprofile%\\appdata\\local\\apps\\2.0\\*\\*\\*\\SecMsg.QueueMonitor.exe;%userprofile%\\appdata\\local\\apps\\2.0\\*\\*\\*\\TELSheetChecker.exe;%userprofile%\\appdata\\local\\apps\\2.0\\*\\*\\*\\msoffice-crypt.exe;%userprofile%\\appdata\\local\\apps\\2.0\\*\\*\\*\\obunity.exe;%userprofile%\\appdata\\local\\apps\\2.0\\*\\*\\*\\qDocsViewer.exe;%userprofile%\\appdata\\local\\apps\\2.0\\*\\*\\*\\sme-browser.exe;%userprofile%\\appdata\\local\\apps\\2.0\\*\\*\\*\\swExplorerLauncher.exe;%userprofile%\\appdata\\local\\centbrowser\\application\\chrome.exe;%userprofile%\\appdata\\local\\cflauncher\\bootcodeflow.exe;%userprofile%\\appdata\\local\\chromium\\application\\chrome.exe;%userprofile%\\appdata\\local\\epic privacy browser\\application\\epic.exe;%userprofile%\\appdata\\local\\firefox developer edition\\firefox.exe;%userprofile%\\appdata\\local\\google chrome\\*\\googlechromeportable\\app\\chrome-bin\\chrome.exe;%userprofile%\\appdata\\local\\google\\chrome beta\\application\\chrome.exe;%userprofile%\\appdata\\local\\google\\chrome dev\\application\\chrome.exe;%userprofile%\\appdata\\local\\google\\chrome sxs\\application\\chrome.exe;%userprofile%\\appdata\\local\\google\\chrome\\application\\chrome.exe;%userprofile%\\appdata\\local\\google\\drive plugin for office\\driveforoffice.synchelper.exe;%userprofile%\\appdata\\local\\gotomeeting\\*\\g2mstart.exe;%userprofile%\\appdata\\local\\gpg4win\\bin\\gpgme-w32spawn.exe;%userprofile%\\appdata\\local\\microsoft\\edge beta\\application\\*\\msedgewebview2.exe;%userprofile%\\appdata\\local\\microsoft\\edge beta\\application\\msedge.exe;%userprofile%\\appdata\\local\\microsoft\\edge dev\\application\\*\\msedgewebview2.exe;%userprofile%\\appdata\\local\\microsoft\\edge dev\\application\\msedge.exe;%userprofile%\\appdata\\local\\microsoft\\edge internal\\application\\*\\msedgewebview2.exe;%userprofile%\\appdata\\local\\microsoft\\edge sxs\\application\\*\\msedgewebview2.exe;%userprofile%\\appdata\\local\\microsoft\\edge sxs\\application\\msedge.exe;%userprofile%\\appdata\\local\\microsoft\\edge\\application\\msedge.exe;%userprofile%\\appdata\\local\\microsoft\\edgewebview\\application\\*\\msedgewebview2.exe;%userprofile%\\appdata\\local\\microsoft\\offcat\\offcat_rts.exe;%userprofile%\\appdata\\local\\microsoft\\olk\\cache\\microsoftedgewebview2setup.exe;%userprofile%\\appdata\\local\\microsoft\\onedrive\\*\\filecoauth.exe;%userprofile%\\appdata\\local\\microsoft\\onedrive\\onedrive.exe;%userprofile%\\appdata\\local\\microsoft\\teams\\current\\teams.exe;%userprofile%\\appdata\\local\\mozilla firefox\\*\\firefoxportable\\app\\firefox64\\firefox.exe;%userprofile%\\appdata\\local\\mozilla firefox\\firefox.exe;%userprofile%\\appdata\\local\\mssolvehelper databroker\\*\\mssolvehelper-databroker.exe;%userprofile%\\appdata\\local\\mssolvehelper databroker\\*\\verpatch.exe;%userprofile%\\appdata\\local\\outlook\\app-*\\olk.exe;%userprofile%\\appdata\\local\\outlook\\olk.exe;%userprofile%\\appdata\\local\\outlooktodoistadx\\todoist.helper.exe;%userprofile%\\appdata\\local\\packages\\*\\localcache\\local\\cflauncher\\bootcodeflow.exe;%userprofile%\\appdata\\local\\packages\\*\\localcache\\local\\google\\chrome\\application\\chrome.exe;%userprofile%\\appdata\\local\\packages\\*\\localcache\\local\\mozilla firefox\\firefox.exe;%userprofile%\\appdata\\local\\packages\\*\\localcache\\local\\programs\\fiddler\\fiddler.exe;%userprofile%\\appdata\\local\\packages\\*\\localcache\\local\\programs\\opera\\launcher.exe;%userprofile%\\appdata\\local\\packages\\*\\localcache\\roaming\\oracle\\oracle sales cloud for outlook\\loader\\appdiag.exe;%userprofile%\\appdata\\local\\programs\\BombBomb\\BombBomb Outlook Desktop Add-in\\BombBomb.Browsers.Chromium.x??.exe;%userprofile%\\appdata\\local\\programs\\FactSet\\FDSBrowser_x??.exe;%userprofile%\\appdata\\local\\programs\\fiddler\\fiddler.exe;%userprofile%\\appdata\\local\\programs\\opera beta\\launcher.exe;%userprofile%\\appdata\\local\\programs\\opera developer\\launcher.exe;%userprofile%\\appdata\\local\\programs\\opera\\launcher.exe;%userprofile%\\appdata\\local\\sap\\sap jam for outlook\\bin\\appdiag.exe;%userprofile%\\appdata\\local\\seclore\\filesecure\\filesecure lite\\doclauncher.exe;%userprofile%\\appdata\\local\\seclore\\filesecure\\filesecure lite\\pdflauncher.exe;%userprofile%\\appdata\\local\\seclore\\filesecure\\filesecure lite\\pptlauncher.exe;%userprofile%\\appdata\\local\\seclore\\filesecure\\filesecure lite\\xlslauncher.exe;%userprofile%\\appdata\\local\\sogouexplorer\\sogouexplorer.exe;%userprofile%\\appdata\\local\\vivaldi\\application\\vivaldi.exe;%userprofile%\\appdata\\local\\vivaldidev\\application\\vivaldi.exe;%userprofile%\\appdata\\local\\yandex\\yandexbrowser\\application\\browser.exe;%userprofile%\\appdata\\local\\yesware\\yesware for outlook\\yeswareshadow\\yeswarechromium.exe;%userprofile%\\appdata\\local\\yesware\\yesware for outlook\\yeswareshadow\\yeswarechromiumx64.exe;%userprofile%\\appdata\\locallow\\copitrak\\tstpfltk.exe;%userprofile%\\appdata\\roaming\\360se6\\application\\360se.exe;%userprofile%\\appdata\\roaming\\iManage\\Work;%userprofile%\\appdata\\roaming\\icrm\\desktop connection for sap crm\\bin\\appdiag.exe;%userprofile%\\appdata\\roaming\\infoslipsforme\\infoslips.viewer.exe;%userprofile%\\appdata\\roaming\\onetastic\\onecal.exe;%userprofile%\\appdata\\roaming\\oracle\\crm ondemand desktop\\bin\\appdiag.exe;%userprofile%\\appdata\\roaming\\oracle\\oracle sales cloud for outlook\\bin\\appdiag.exe;%userprofile%\\appdata\\roaming\\vision\\updater.exe;%userprofile%\\appdata\\roaming\\watchdox\\windows plugin\\pdflauncher.exe;%userprofile%\\appdata\\roaming\\webex\\applications\\ptupdate.exe;%userprofile%\\appdata\\roaming\\zoom\\bin\\zoom.exe;%userprofile%\\appdata\\roaming\\zoom\\bin_00\\zoom.exe;%windir%\\explorer.exe;%windir%\\hh.exe;%windir%\\microsoft.net\\framework64\\*\\dw20.exe;%windir%\\microsoft.net\\framework\\*\\dw20.exe;%windir%\\notepad.exe;%windir%\\splwow64.exe;%windir%\\system32\\bdeunlock.exe;%windir%\\system32\\bucappnt.exe;%windir%\\system32\\bumappnt.exe;%windir%\\system32\\bupappnt.exe;%windir%\\system32\\cmtrace.exe;%windir%\\system32\\conhost.exe;%windir%\\system32\\ctfmon.exe;%windir%\\system32\\dsregcmd.exe;%windir%\\system32\\dwwin.exe;%windir%\\system32\\eventvwr.exe;%windir%\\system32\\fondue.exe;%windir%\\system32\\fontview.exe;%windir%\\system32\\fsiso.exe;%windir%\\system32\\igfxem.exe;%windir%\\system32\\igfxhk.exe;%windir%\\system32\\igfxtray.exe;%windir%\\system32\\ime;%windir%\\system32\\microsoft.uev.synccontroller.exe;%windir%\\system32\\mspaint.exe;%windir%\\system32\\notepad.exe;%windir%\\system32\\prevhost.exe;%windir%\\system32\\rmactivate.exe;%windir%\\system32\\runtimebroker.exe;%windir%\\system32\\spool\\drivers;%windir%\\system32\\tokenbrokercookies.exe;%windir%\\system32\\verclsid.exe;%windir%\\system32\\werfault.exe;%windir%\\system32\\wermgr.exe;%windir%\\system32\\wevtutil.exe;%windir%\\system32\\wfs.exe;%windir%\\system32\\wisptis.exe;%windir%\\system32\\xpsrchvw.exe;%windir%\\systemapps\\*\\microsoftedgecp.exe;%windir%\\syswow64\\colorcpl.exe;%windir%\\syswow64\\ctfmon.exe;%windir%\\syswow64\\dwwin.exe;%windir%\\syswow64\\eventvwr.exe;%windir%\\syswow64\\explorer.exe;%windir%\\syswow64\\fondue.exe;%windir%\\syswow64\\fontview.exe;%windir%\\syswow64\\ime;%windir%\\syswow64\\macromed\\flash\\flashplayerupdateservice.exe;%windir%\\syswow64\\mspaint.exe;%windir%\\syswow64\\notepad.exe;%windir%\\syswow64\\prevhost.exe;%windir%\\syswow64\\rmactivate.exe;%windir%\\syswow64\\spool\\drivers;%windir%\\syswow64\\verclsid.exe;%windir%\\syswow64\\werfault.exe;%windir%\\syswow64\\wermgr.exe;%windir%\\syswow64\\wevtutil.exe;%windir%\\syswow64\\xpsrchvw.exe;%windir%\\winsxs;.:\\\\program files( \\(x86\\))?\\\\windowsapps\\\\(?!microsoft\\.windowsterminal).*;\\\;\\\\newoutlookinstall\\\\newoutlookinstaller\\.exe\\\;cmd(\\.exe)?[\\s\\\;outlook\\\\olk\\.exe\\\;powershell(\\.exe)?\\\;pwsh(\\.exe)?\\\;rundll32(\\.exe)?[\\\;wscript[^\\s]*\\s+[^\\\,d7c7c745-195f-4223-9c7a-99fb420fd000
asr_lua_3.bin.txt,This is a Test HIPS Rule that exposes rule logic in audit mode to \'X\' population within MSFT org,
asr_lua_4.bin.txt,,d7c7c745-195f-4223-9c7a-99fb420fd000
asr_lua_5.bin.txt,,
asr_lua_6.bin.txt,((windowsapps\\\\[^\\\\]+\\\\)|(microsoft office\\\\(root\\\\)?))office..\\\\[^\\.]+\\.exe\\\,
asr_lua_7.bin.txt,,
asr_lua_8.bin.txt,,
asr_lua_9.bin.txt,,
