file,sha256,bytes
asr_lua_0.bin,3b95d0610c298fee3f865c225b0892e44830559008a44406c5634b404467f7f0,283
asr_lua_0.bin.txt,ec2605f867b9a67e528a8bc71acdf4fc17811f8ab084dcd45cf958b1c3b84b73,902
asr_lua_1.bin,d10cb10f38361586c57942547ee06ffab374916cce38c6c134bed8f57bb438a7,283
asr_lua_1.bin.txt,696971a28b57e514bc24d335ed43bdf794610f7790ec570aecb9c16d9de22378,902
asr_lua_10.bin,9630dbd8394f8cde97f953a79fbf789deb1b1a85ecd6875ed9454e43e0f2292d,519
asr_lua_10.bin.txt,59661591723abea7ed85a3c55a1968d250b92cdb5eb49c0877fb333f74e18c7b,1266
asr_lua_11.bin,1ab4d3366bf198861d01a4299807bf572c311dd1a2c211f781974ba1d31fc86a,520
asr_lua_11.bin.txt,c875b602757cc4a5ba4aba5e554ba35b9221749d5d5e49c52b255331f1ac72aa,1266
asr_lua_12.bin,31118edea9216506c8b2b0045924e7793b5d43d74f64ceb538d1f7e6b4000edb,536
asr_lua_12.bin.txt,0a7b1a222c708503d6cf3b44e503305973a413d0144dca4ba7d0f45aea0c5e1d,1282
asr_lua_13.bin,ac5a82f31c328894674267804e2b2f1ca059b498ac8af2d0b6728f25dc525c77,542
asr_lua_13.bin.txt,39c8cea45442578bf3904e13b127508a6e006108528fbe30692b7c7b0297bf18,1288
asr_lua_14.bin,ff5bec0c5f26564d5eefea7a168dde0f4551d09512bcdfdfa08f248639f1494f,604
asr_lua_14.bin.txt,8698438d35d27c5b6ae2152855e35cc06c999e70b36a4e05366470dbf8773bcc,1672
asr_lua_15.bin,8507e6ce91e5d907c1d67859b7bd42721712df793647a3ce1ceabe01f4241519,690
asr_lua_15.bin.txt,e78de8fe90f9d55a5f16e76b7b4686d5dccf206a56238858bdc110caee1320a1,1750
asr_lua_16.bin,ce3878cc3894aeb7636d677cdb493501728a4952c532c18859c8d585c7c6f664,696
asr_lua_16.bin.txt,1f1f99072cbb5ab62a3e034a38c424cc464a3e7324dce244c184044bb273d7d4,1756
asr_lua_17.bin,06f9756e83261529c117f112b1d23e4394ff498a92497d5a4cca64e414247839,1205
asr_lua_17.bin.txt,f2c47d0262bbc31c3cb182b46bdeeab755fe9feae2df0719c2529858ff9bab3d,3195
asr_lua_18.bin,5d31888be927ebec29ff234bc89b410f994dca58d2fff7d7e328403fa66e870d,1495
asr_lua_18.bin.txt,2c07cfbb5722b7f69a3511eb11258d5f6e70e766842a43b84523fcbc72783cdb,3722
asr_lua_19.bin,fa2dc73a4cd4277a02eab00eddbb06d9d3da5b4ebd7aeee57aba3d513d0570fc,3921
asr_lua_19.bin.txt,2d20a1fc43412f9e5d5a2f1ad1eb06abb9f77051af0f63c636248da6f49309b6,9347
asr_lua_2.bin,41552f6f82d4212e8b04a82b95a477fc0f73dfdde053694146a85527bb7a5e2a,307
asr_lua_2.bin.txt,9277d8e9c8a7b8ce4f8596431010342cecb132b9f3bb9bd1e261e27b2be388ab,926
asr_lua_20.bin,975152eba4afe8c01ad84629cc338a1506b673d0bf59f5c621032c745e0a23ff,9614
asr_lua_20.bin.txt,0e3b4ac70e6f933a81e72e960e19b63bc3e9bfcf4e0a33c15e7f333ce8f2be10,15831
asr_lua_21.bin,2a50ca01eb568da6ba622e0594805440e448cf3df9f6306fffb1b5efab23307a,17476
asr_lua_21.bin.txt,476e1e86c44b81c4184b6a3a1a111a6c5b06ddeb4ea7c88ca615884938ceb434,27834
asr_lua_22.bin,70e7dd2da722c593ea00eb5305489db61d88f66441fb9838445cf53f5c384d7d,21072
asr_lua_22.bin.txt,7b1f0009350ef1d542ab5aa348a1bf693cce6d809dfdbe3c002661b868d28fc9,37199
asr_lua_23.bin,22aed0765dcbf22de02d2099e77ef061e570e19ab9ce6a898f3a951e035b6317,46009
asr_lua_23.bin.txt,3c2305d4a140cc9f02dbb996e5cf70b323a91c2b8fce3bc652dd994b2c005327,106670
asr_lua_24.bin,742e45cbbcd2b82acb5f13b092caeed53e84d09bc0544e913db37f8fb378d1f5,50390
asr_lua_24.bin.txt,0f46b07dc6243c8c35eac48699a25c385ad70667590e8b6415e1eb077b4cee4e,117757
asr_lua_3.bin,ee9bfd414ae065764e3c01bd4dbf2fcc563a916ea727962629ebaa6eeb8de15a,322
asr_lua_3.bin.txt,7e829cb7aa461b35fc038aa5a53debe7b14b98d7d42df307dc0b63e39c981e82,943
asr_lua_4.bin,2d10db280d22327621570b239f2e874aac7c83c42f8707f735ec7c656bdee90e,795
asr_lua_4.bin.txt,3a0eca8cbeca9d35a15cf83cc1a624045ac8d9fdb05ae7ca472ecc3a66eab8b0,2590
asr_lua_5.bin,48050a808cf27757493a3dea85cf900c30aea5091f3a8537199a8dde337c80ff,10435
asr_lua_5.bin.txt,68894c1ecfc5d9df7d6bd353e6e88e244badd6951029f37739445d68f3e2b67d,18194
asr_lua_6.bin,bb66138f7c6679a3fcb72a846c38d47797fdf7cf97de1be4b4d30fa8e3195a64,731
asr_lua_6.bin.txt,5dd8e4885861d1a6953d471caf8cbf51de316618175739ac8bdfd4e5e2e39501,1903
asr_lua_7.bin,c9fcc479487bc86f4274df2a543ff6d631c48ddfe08846e4cb08fee428a5d7f9,300
asr_lua_7.bin.txt,28c31d3ee2f33bb72bd9c23ee56dea6c51a7d52453351e4912b1742e4ae5d70d,919
asr_lua_8.bin,36331183cb561a042112402616cc038c985d538489f46e435f001c78fa425ad6,501
asr_lua_8.bin.txt,fda02f28f24ba5da108150bfa794ea203ebeb31ae3b81a1f565c55b6b3caa751,1246
asr_lua_9.bin,6e1434224fe28980743d2bfd2719895f66f556fae57aa22666002f9c7215a8cc,517
asr_lua_9.bin.txt,caa8eca989a97ff8f53462ad0f337a0da8d8542fa5f8cf3dffadb21bd43c9413,1262
